Date,Open,High,Low,Close,High_Last_7_Days,Days_Since_High_Last_7_Days,%_Diff_From_High_Last_7_Days,Low_Last_7_Days,Days_Since_Low_Last_7_Days,%_Diff_From_Low_Last_7_Days,High_Next_5_Days,%_Diff_From_High_Next_5_Days,Low_Next_5_Days,%_Diff_From_Low_Next_5_Days
30-10-2023,34556.24281,,,34556.24281,,-363,,,-363,,,,,
31-10-2023,34556.24281,34556.24281,34498.70392,34498.70392,,-362,,,-362,,,,,
01-11-2023,34498.70392,34672.28928,34498.70392,34672.28928,,-361,,,-361,,,,,
02-11-2023,34672.28928,35457.45491,34672.28928,35457.45491,,-360,,,-360,,,,,
03-11-2023,35457.45491,35457.45491,34924.05545,34924.05545,,-359,,,-359,,35436.53763,-1.446197099,34731.38137,0.554755019
04-11-2023,34924.05545,34924.05545,34731.38137,34731.38137,,-358,,,-358,,35795.08063,-2.971635328,34731.38137,0
05-11-2023,34731.38137,35048.40783,34731.38137,35048.40783,,-357,,,-357,,36768.42082,-4.677962626,35031.26888,0.048924727
06-11-2023,35048.40783,35061.92875,35048.40783,35061.92875,35457.45491,-356,-1.115495074,34498.70392,-356,1.632597071,37344.249,-6.111570891,35031.26888,0.087521429
07-11-2023,35061.92875,35061.92875,35031.26888,35031.26888,35457.45491,-355,-1.201964526,34498.70392,-355,1.543724552,37344.249,-6.19367153,35031.26888,0
08-11-2023,35031.26888,35436.53763,35031.26888,35436.53763,35457.45491,-354,-0.058992623,34672.28928,-354,2.204205033,37344.249,-5.108447545,35436.53763,0
09-11-2023,35436.53763,35795.08063,35436.53763,35795.08063,35795.08063,-353,0,34731.38137,-353,3.062645999,37344.249,-4.148345224,35795.08063,0
10-11-2023,35795.08063,36768.42082,35795.08063,36768.42082,36768.42082,-352,0,34731.38137,-352,5.865126493,37344.249,-1.541946075,35545.20143,3.441306664
11-11-2023,36768.42082,37344.249,36768.42082,37344.249,37344.249,-351,0,34731.38137,-351,7.523074317,37903.66245,-1.475882315,35545.20143,5.061295181
12-11-2023,37344.249,37344.249,37122.72282,37122.72282,37344.249,-350,-0.593200245,35031.26888,-350,5.970248892,37903.66245,-2.060327622,35545.20143,4.438071321
13-11-2023,37122.72282,37122.72282,37067.69698,37067.69698,37344.249,-349,-0.740547811,35031.26888,-349,5.813172531,37903.66245,-2.205500512,35545.20143,4.283266059
14-11-2023,37067.69698,37067.69698,36549.16205,36549.16205,37344.249,-348,-2.129074687,35031.26888,-348,4.33296656,37903.66245,-3.573534365,35545.20143,2.82446174
15-11-2023,36549.16205,36549.16205,35545.20143,35545.20143,37344.249,-347,-4.817468862,35436.53763,-347,0.3066434,37903.66245,-6.222251006,35545.20143,0
16-11-2023,35545.20143,37903.66245,35545.20143,37903.66245,37903.66245,-346,0,35545.20143,-346,6.63510382,37903.66245,0,36201.51611,4.701864792
17-11-2023,37903.66245,37903.66245,36201.51611,36201.51611,37903.66245,-345,-4.490717335,35545.20143,-345,1.846422728,37489.29847,-3.435066571,35965.36036,0.656620004
18-11-2023,36201.51611,36527.76023,36201.51611,36527.76023,37903.66245,-344,-3.629998099,35545.20143,-344,2.764251579,37489.29847,-2.564833925,35965.36036,1.563726483
19-11-2023,36527.76023,36582.36844,36527.76023,36582.36844,37903.66245,-343,-3.485927017,35545.20143,-343,2.917881927,37489.29847,-2.419170446,35965.36036,1.715562072
20-11-2023,36582.36844,37413.99461,36582.36844,37413.99461,37903.66245,-342,-1.291874748,35545.20143,-342,5.257511842,37738.9317,-0.861012951,35965.36036,4.027859676
21-11-2023,37413.99461,37489.29847,37413.99461,37489.29847,37903.66245,-341,-1.093203015,35545.20143,-341,5.46936565,37809.85287,-0.847806514,35965.36036,4.23723854
22-11-2023,37489.29847,37489.29847,35965.36036,35965.36036,37903.66245,-340,-5.113759372,35545.20143,-340,1.182041205,37809.85287,-4.878338226,35965.36036,0
23-11-2023,35965.36036,37464.83293,35965.36036,37464.83293,37903.66245,-339,-1.15774965,35965.36036,-339,4.169213255,37809.85287,-0.912513295,37250.16905,0.576276259
24-11-2023,37464.83293,37464.83293,37293.31613,37293.31613,37489.29847,-338,-0.522768767,35965.36036,-338,3.692318813,37809.85287,-1.366143213,37250.16905,0.115830551
25-11-2023,37293.31613,37738.9317,37293.31613,37738.9317,37738.9317,-337,0,35965.36036,-337,4.931332035,37810.34642,-0.18887613,37250.16905,1.312108531
26-11-2023,37738.9317,37809.85287,37738.9317,37809.85287,37809.85287,-336,0,35965.36036,-336,5.128525023,37810.34642,-0.001305331,37250.16905,1.502500067
27-11-2023,37809.85287,37809.85287,37491.83819,37491.83819,37809.85287,-335,-0.841089441,35965.36036,-335,4.244300099,38688.25874,-3.092464212,37250.16905,0.648773256
28-11-2023,37491.83819,37491.83819,37250.16905,37250.16905,37809.85287,-334,-1.480259171,35965.36036,-334,3.572350389,39481.66642,-5.651983736,37250.16905,0
29-11-2023,37250.16905,37802.23604,37250.16905,37802.23604,37809.85287,-333,-0.020145073,35965.36036,-333,5.107346804,39960.27542,-5.400461718,37711.81838,0.239759502
30-11-2023,37802.23604,37810.34642,37802.23604,37810.34642,37810.34642,-332,0,37250.16905,-332,1.503825028,41974.33177,-9.92031363,37711.81838,0.261265685
01-12-2023,37810.34642,37810.34642,37711.81838,37711.81838,37810.34642,-331,-0.260584866,37250.16905,-331,1.239321421,44105.94477,-14.49719857,37711.81838,0
02-12-2023,37711.81838,38688.25874,37711.81838,38688.25874,38688.25874,-330,0,37250.16905,-330,3.860625943,44105.94477,-12.28334652,38688.25874,0
03-12-2023,38688.25874,39481.66642,38688.25874,39481.66642,39481.66642,-329,0,37250.16905,-329,5.990569765,44105.94477,-10.48447864,39481.66642,0
04-12-2023,39481.66642,39960.27542,39481.66642,39960.27542,39960.27542,-328,0,37250.16905,-328,7.275420321,44202.17611,-9.596587911,39960.27542,0
05-12-2023,39960.27542,41974.33177,39960.27542,41974.33177,41974.33177,-327,0,37250.16905,-327,12.68225847,44202.17611,-5.040123661,41974.33177,0
06-12-2023,41974.33177,44105.94477,41974.33177,44105.94477,44105.94477,-326,0,37711.81838,-326,16.95523226,44202.17611,-0.217707238,43270.11956,1.931645259
07-12-2023,44105.94477,44105.94477,43788.28881,43788.28881,44105.94477,-325,-0.720211223,37711.81838,-325,16.11290756,44202.17611,-0.936350509,41200.96273,6.279770935
08-12-2023,43788.28881,43788.28881,43270.11956,43270.11956,44105.94477,-324,-1.895039812,37711.81838,-324,14.73888405,44202.17611,-2.108621411,41200.96273,5.022107972
09-12-2023,43270.11956,44202.17611,43270.11956,44202.17611,44202.17611,-323,0,38688.25874,-323,14.25217249,44202.17611,0,41200.96273,7.284328289
10-12-2023,44202.17611,44202.17611,43745.49199,43745.49199,44202.17611,-322,-1.033171119,39481.66642,-322,10.79950763,43757.95994,-0.028492978,41200.96273,6.175897594
11-12-2023,43745.49199,43757.95994,43745.49199,43757.95994,44202.17611,-321,-1.004964486,39960.27542,-321,9.503649505,43757.95994,0,41200.96273,6.206158891
12-12-2023,43757.95994,43757.95994,41200.96273,41200.96273,44202.17611,-320,-6.789741247,41200.96273,-320,0,43009.59546,-4.205184241,41200.96273,0
13-12-2023,41200.96273,41450.81939,41200.96273,41450.81939,44202.17611,-319,-6.224482512,41200.96273,-319,0.606434036,43009.59546,-3.624251873,41410.81963,0.096592517
14-12-2023,41450.81939,42931.76183,41450.81939,42931.76183,44202.17611,-318,-2.874098959,41200.96273,-318,4.200870527,43009.59546,-0.18096806,41410.81963,3.672813542
15-12-2023,42931.76183,43009.59546,42931.76183,43009.59546,44202.17611,-317,-2.698013442,41200.96273,-317,4.389782691,43009.59546,0,41410.81963,3.860768359
16-12-2023,43009.59546,43009.59546,41992.01419,41992.01419,44202.17611,-316,-5.000120168,41200.96273,-316,1.919982954,43634.12417,-3.763361847,41410.81963,1.403484784
17-12-2023,41992.01419,42247.06788,41992.01419,42247.06788,43757.95994,-315,-3.452839342,41200.96273,-315,2.539030854,43849.6996,-3.654829411,41410.81963,2.019395546
18-12-2023,42247.06788,42247.06788,41410.81963,41410.81963,43757.95994,-314,-5.363916203,41200.96273,-314,0.509349526,44003.69602,-5.892405915,41410.81963,0
19-12-2023,41410.81963,42684.18255,41410.81963,42684.18255,43009.59546,-313,-0.756605353,41200.96273,-313,3.599964007,44003.69602,-2.998642356,42250.20618,1.027157998
20-12-2023,42684.18255,42684.18255,42250.20618,42250.20618,43009.59546,-312,-1.765627566,41410.81963,-312,2.026974003,44003.69602,-3.984869448,42250.20618,0
21-12-2023,42250.20618,43634.12417,42250.20618,43634.12417,43634.12417,-311,0,41410.81963,-311,5.368897678,44003.69602,-0.839865481,43034.97106,1.392247027
22-12-2023,43634.12417,43849.6996,43634.12417,43849.6996,43849.6996,-310,0,41410.81963,-310,5.88947523,44003.69602,-0.349962472,42516.42694,3.135900063
23-12-2023,43849.6996,44003.69602,43849.6996,44003.69602,44003.69602,-309,0,41410.81963,-309,6.261350077,44003.69602,0,42516.42694,3.498104588
24-12-2023,44003.69602,44003.69602,43752.03088,43752.03088,44003.69602,-308,-0.571918179,41410.81963,-308,5.653622099,43752.03088,0,42516.42694,2.906180113
25-12-2023,43752.03088,43752.03088,43034.97106,43034.97106,44003.69602,-307,-2.201462709,41410.81963,-307,3.922046081,43638.2363,-1.382423513,42074.70716,2.282283043
26-12-2023,43034.97106,43638.2363,43034.97106,43638.2363,44003.69602,-306,-0.830520507,42250.20618,-306,3.285262357,43638.2363,0,42074.70716,3.716078499
27-12-2023,43638.2363,43638.2363,42516.42694,42516.42694,44003.69602,-305,-3.379873092,42250.20618,-305,0.630105227,43418.46778,-2.077551054,42074.70716,1.049846366
28-12-2023,42516.42694,43418.46778,42516.42694,43418.46778,44003.69602,-304,-1.32995248,42516.42694,-304,2.121628979,44168.68119,-1.698518932,42074.70716,3.19374919
29-12-2023,43418.46778,43418.46778,42600.65063,42600.65063,44003.69602,-303,-3.188471686,42516.42694,-303,0.198096827,44994.67389,-5.320681421,42074.70716,1.250022906
30-12-2023,42600.65063,42600.65063,42074.70716,42074.70716,44003.69602,-302,-4.383697371,42074.70716,-302,0,44994.67389,-6.489583052,42074.70716,0
31-12-2023,42074.70716,42220.6114,42074.70716,42220.6114,43752.03088,-301,-3.50022491,42074.70716,-301,0.346774238,44994.67389,-6.165313016,42208.20218,0.029400032
01-01-2024,42220.6114,42220.6114,42208.20218,42208.20218,43638.2363,-300,-3.277020905,42074.70716,-300,0.317280925,44994.67389,-6.192892336,42208.20218,0
02-01-2024,42208.20218,44168.68119,42208.20218,44168.68119,44168.68119,-299,0,42074.70716,-299,4.976800012,44994.67389,-1.83575661,42821.55899,3.145897136
03-01-2024,44168.68119,44994.67389,44168.68119,44994.67389,44994.67389,-298,0,42074.70716,-298,6.939957347,44994.67389,0,42821.55899,5.074814997
04-01-2024,44994.67389,44994.67389,42821.55899,42821.55899,44994.67389,-297,-4.829715853,42074.70716,-297,1.775061274,46936.18556,-8.766427273,42821.55899,0
05-01-2024,42821.55899,44195.57856,42821.55899,44195.57856,44994.67389,-296,-1.77597759,42074.70716,-296,5.040727671,46936.18556,-5.839006656,43883.74388,0.710592706
06-01-2024,44195.57856,44195.57856,44113.69973,44113.69973,44994.67389,-295,-1.957952079,42074.70716,-295,4.846124229,46936.18556,-6.013453785,43883.74388,0.524011478
07-01-2024,44113.69973,44113.69973,43956.12072,43956.12072,44994.67389,-294,-2.308169123,42208.20218,-294,4.141182166,46936.18556,-6.349184128,43883.74388,0.164928586
08-01-2024,43956.12072,43956.12072,43883.74388,43883.74388,44994.67389,-293,-2.46902558,42208.20218,-293,3.969706399,46936.18556,-6.50338677,42893.92961,2.307585905
09-01-2024,43883.74388,46936.18556,43883.74388,46936.18556,46936.18556,-292,0,42821.55899,-292,9.608773406,46936.18556,0,42848.47452,9.539921995
10-01-2024,46936.18556,46936.18556,46105.94608,46105.94608,46936.18556,-291,-1.768868674,42821.55899,-291,7.66993815,46632.31315,-1.128760369,41800.93282,10.29884494
11-01-2024,46105.94608,46632.31315,46105.94608,46632.31315,46936.18556,-290,-0.647416081,42821.55899,-290,8.89914858,46632.31315,0,41800.93282,11.55806821
12-01-2024,46632.31315,46632.31315,46314.35554,46314.35554,46936.18556,-289,-1.324841404,43883.74388,-289,5.538751819,46314.35554,0,41800.93282,10.79742105
13-01-2024,46314.35554,46314.35554,42893.92961,42893.92961,46936.18556,-288,-8.612237887,42893.92961,-288,0,43148.00164,-0.588838482,41800.93282,2.614766489
14-01-2024,42893.92961,42893.92961,42848.47452,42848.47452,46936.18556,-287,-8.709082334,42848.47452,-287,0,43148.00164,-0.694185398,41261.3948,3.846403463
15-01-2024,42848.47452,42848.47452,41800.93282,41800.93282,46936.18556,-286,-10.94092474,41800.93282,-286,0,43148.00164,-3.121972676,41261.3948,1.307609756
16-01-2024,41800.93282,42587.33604,41800.93282,42587.33604,46936.18556,-285,-9.265451529,41800.93282,-285,1.881305424,43148.00164,-1.299401093,41261.3948,3.213515313
17-01-2024,42587.33604,43148.00164,42587.33604,43148.00164,46632.31315,-284,-7.471882198,41800.93282,-284,3.222580767,43148.00164,0,41261.3948,4.572329304
18-01-2024,43148.00164,43148.00164,42713.85919,42713.85919,46632.31315,-283,-8.402872808,41800.93282,-283,2.183985628,42713.85919,0,39504.73006,8.123404779
19-01-2024,42713.85919,42713.85919,41261.3948,41261.3948,46314.35554,-282,-10.91013938,41261.3948,-282,0,41626.10711,-0.876162431,39504.73006,4.44672002
20-01-2024,41261.3948,41600.94093,41261.3948,41600.94093,43148.00164,-281,-3.585474766,41261.3948,-281,0.822914824,41626.10711,-0.060457677,39504.73006,5.306227563
21-01-2024,41600.94093,41626.10711,41600.94093,41626.10711,43148.00164,-280,-3.527149521,41261.3948,-280,0.883906891,41626.10711,0,39504.73006,5.369931776
22-01-2024,41626.10711,41626.10711,41541.89946,41541.89946,43148.00164,-279,-3.722309551,41261.3948,-279,0.679823502,41862.93561,-0.766874442,39504.73006,5.15677337
23-01-2024,41541.89946,41541.89946,39504.73006,39504.73006,43148.00164,-278,-8.443662388,39504.73006,-278,0,42119.61049,-6.20822559,39504.73006,0
24-01-2024,39504.73006,39833.45411,39504.73006,39833.45411,43148.00164,-277,-7.681810077,39504.73006,-277,0.832113134,42119.61049,-5.427771916,39833.45411,0
25-01-2024,39833.45411,40123.67106,39833.45411,40123.67106,42713.85919,-276,-6.064046138,39504.73006,-276,1.566751627,43267.60928,-7.266262848,39938.28644,0.464177694
26-01-2024,40123.67106,40123.67106,39938.28644,39938.28644,41626.10711,-275,-4.054716585,39504.73006,-275,1.097479677,43267.60928,-7.694723352,39938.28644,0
27-01-2024,39938.28644,41862.93561,39938.28644,41862.93561,41862.93561,-274,0,39504.73006,-274,5.969425813,43267.60928,-3.246478576,41862.93561,0
28-01-2024,41862.93561,42119.61049,41862.93561,42119.61049,42119.61049,-273,0,39504.73006,-273,6.619157841,43267.60928,-2.653252169,42026.57856,0.221364516
29-01-2024,42119.61049,42119.61049,42026.57856,42026.57856,42119.61049,-272,-0.220875576,39504.73006,-272,6.383662162,43267.60928,-2.868267359,42026.57856,0
30-01-2024,42026.57856,43267.60928,42026.57856,43267.60928,43267.60928,-271,0,39504.73006,-271,9.525135885,43267.60928,0,42583.26355,1.607076754
31-01-2024,43267.60928,43267.60928,42892.03453,42892.03453,43267.60928,-270,-0.868027498,39833.45411,-270,7.678421302,43170.65856,-0.645401392,42583.26355,0.725099388
01-02-2024,42892.03453,42892.03453,42583.26355,42583.26355,43267.60928,-269,-1.581658292,39938.28644,-269,6.622660461,43170.65856,-1.360634826,42583.26355,0
02-02-2024,42583.26355,43069.04342,42583.26355,43069.04342,43267.60928,-268,-0.458924953,39938.28644,-268,7.838986743,43170.65856,-0.235380103,42599.35997,1.102559876
03-02-2024,43069.04342,43170.65856,43069.04342,43170.65856,43267.60928,-267,-0.224072271,41862.93561,-267,3.123820467,44247.41542,-2.433490959,42599.35997,1.341096654
04-02-2024,43170.65856,43170.65856,42976.8483,42976.8483,43267.60928,-266,-0.672006107,42026.57856,-266,2.261116108,45338.27119,-5.208453759,42599.35997,0.886136152
05-02-2024,42976.8483,42976.8483,42599.35997,42599.35997,43267.60928,-265,-1.544456273,42026.57856,-265,1.362902782,47143.24299,-9.638460853,42599.35997,0
06-02-2024,42599.35997,42648.45692,42599.35997,42648.45692,43267.60928,-264,-1.430983513,42583.26355,-264,0.153096238,47768.99525,-10.71937625,42648.45692,0
07-02-2024,42648.45692,43087.78741,42648.45692,43087.78741,43170.65856,-263,-0.191961754,42583.26355,-263,1.184793789,48189.88179,-10.5874806,43087.78741,0
08-02-2024,43087.78741,44247.41542,43087.78741,44247.41542,44247.41542,-262,0,42583.26355,-262,3.907995138,50050.13609,-11.59381599,44247.41542,0
09-02-2024,44247.41542,45338.27119,44247.41542,45338.27119,45338.27119,-261,0,42599.35997,-261,6.429465657,50050.13609,-9.414289895,45338.27119,0
10-02-2024,45338.27119,47143.24299,45338.27119,47143.24299,47143.24299,-260,0,42599.35997,-260,10.66655232,51790.1693,-8.972603043,47143.24299,0
11-02-2024,47143.24299,47768.99525,47143.24299,47768.99525,47768.99525,-259,0,42599.35997,-259,12.13547641,51958.23029,-8.062697702,47768.99525,0
12-02-2024,47768.99525,48189.88179,47768.99525,48189.88179,48189.88179,-258,0,42599.35997,-258,13.12348783,52166.43431,-7.62281833,48189.88179,0
13-02-2024,48189.88179,50050.13609,48189.88179,50050.13609,50050.13609,-257,0,42648.45692,-257,17.35509256,52166.43431,-4.05681976,49732.14537,0.639406812
14-02-2024,50050.13609,50050.13609,49732.14537,49732.14537,50050.13609,-256,-0.635344376,43087.78741,-256,15.42051324,52166.43431,-4.66638936,49732.14537,0
15-02-2024,49732.14537,51790.1693,49732.14537,51790.1693,51790.1693,-255,0,44247.41542,-255,17.04676716,52166.43431,-0.721277997,51684.51749,0.204416738
16-02-2024,51790.1693,51958.23029,51790.1693,51958.23029,51958.23029,-254,0,45338.27119,-254,14.60126054,52286.79373,-0.628387038,51684.51749,0.529583735
17-02-2024,51958.23029,52166.43431,51958.23029,52166.43431,52166.43431,-253,0,47143.24299,-253,10.6551671,52286.79373,-0.230190852,51684.51749,0.932420076
18-02-2024,52166.43431,52166.43431,51684.51749,51684.51749,52166.43431,-252,-0.92380632,47768.99525,-252,8.196785846,52286.79373,-1.151870654,51319.50013,0.711264463
19-02-2024,51684.51749,52138.48579,51684.51749,52138.48579,52166.43431,-251,-0.053575678,48189.88179,-251,8.193844535,52286.79373,-0.283643204,50841.08109,2.551882584
20-02-2024,52138.48579,52138.48579,51764.31319,51764.31319,52166.43431,-250,-0.770842649,49732.14537,-250,4.086225923,52286.79373,-0.999259092,50841.08109,1.815917504
21-02-2024,51764.31319,52286.79373,51764.31319,52286.79373,52286.79373,-249,0,49732.14537,-249,5.136815106,52286.79373,0,50841.08109,2.843591441
22-02-2024,52286.79373,52286.79373,51842.75677,51842.75677,52286.79373,-248,-0.849233483,51684.51749,-248,0.306163782,54478.19108,-4.837595127,50841.08109,1.970209228
23-02-2024,51842.75677,51842.75677,51319.50013,51319.50013,52286.79373,-247,-1.849976889,51319.50013,-247,0,57003.52674,-9.971359558,50841.08109,0.941008768
24-02-2024,51319.50013,51319.50013,50841.08109,50841.08109,52286.79373,-246,-2.764967074,50841.08109,-246,0,62558.58202,-18.73044521,50841.08109,0
25-02-2024,50841.08109,51553.09671,50841.08109,51553.09671,52286.79373,-245,-1.403216683,50841.08109,-245,1.400473009,62558.58202,-17.59228703,51553.09671,0
26-02-2024,51553.09671,51751.88405,51553.09671,51751.88405,52286.79373,-244,-1.023030162,50841.08109,-244,1.791470481,62558.58202,-17.27452512,51751.88405,0
27-02-2024,51751.88405,54478.19108,51751.88405,54478.19108,54478.19108,-243,0,50841.08109,-243,7.15388011,62558.58202,-12.91651869,54478.19108,0
28-02-2024,54478.19108,57003.52674,54478.19108,57003.52674,57003.52674,-242,0,50841.08109,-242,12.12099647,63053.10544,-9.594418323,57003.52674,0
29-02-2024,57003.52674,62558.58202,57003.52674,62558.58202,62558.58202,-241,0,50841.08109,-241,23.04730875,68186.64593,-8.2539093,61298.21686,2.056120435
01-03-2024,62558.58202,62558.58202,61298.21686,61298.21686,62558.58202,-240,-2.014695862,50841.08109,-240,20.56827971,68186.64593,-10.10231399,61298.21686,0
02-03-2024,61298.21686,62426.64053,61298.21686,62426.64053,62558.58202,-239,-0.210908705,50841.08109,-239,22.78779126,68186.64593,-8.447409791,62067.8668,0.57803457
03-03-2024,62426.64053,62426.64053,62067.8668,62067.8668,62558.58202,-238,-0.784409119,51553.09671,-238,20.39600094,68186.64593,-8.973574002,62067.8668,0
04-03-2024,62067.8668,63053.10544,62067.8668,63053.10544,63053.10544,-237,0,51751.88405,-237,21.83731393,68315.25192,-7.70274036,63053.10544,0
05-03-2024,63053.10544,68186.64593,63053.10544,68186.64593,68186.64593,-236,0,54478.19108,-236,25.16319756,68508.00396,-0.469080997,64291.53656,6.058510319
06-03-2024,68186.64593,68186.64593,64291.53656,64291.53656,68186.64593,-235,-5.712422606,57003.52674,-235,12.78519109,69075.66688,-6.925927089,64291.53656,0
07-03-2024,64291.53656,66145.91928,64291.53656,66145.91928,68186.64593,-234,-2.992853847,61298.21686,-234,7.908390595,72130.55301,-8.296946966,66145.91928,0
08-03-2024,66145.91928,66944.87639,66145.91928,66944.87639,68186.64593,-233,-1.821133049,61298.21686,-233,9.21178432,72130.55301,-7.189292749,66944.87639,0
09-03-2024,66944.87639,68315.25192,66944.87639,68315.25192,68315.25192,-232,0,62067.8668,-232,10.06540975,73097.76703,-6.542628182,68315.25192,0
10-03-2024,68315.25192,68508.00396,68315.25192,68508.00396,68508.00396,-231,0,62067.8668,-231,10.37596021,73097.76703,-6.278937444,68508.00396,0
11-03-2024,68508.00396,69075.66688,68508.00396,69075.66688,69075.66688,-230,0,63053.10544,-230,9.551569904,73097.76703,-5.50235706,69075.66688,0
12-03-2024,69075.66688,72130.55301,69075.66688,72130.55301,72130.55301,-229,0,64291.53656,-229,12.19292129,73097.76703,-1.323178612,65292.31329,10.47326916
13-03-2024,72130.55301,72130.55301,71467.1735,71467.1735,72130.55301,-228,-0.919692802,64291.53656,-228,11.16109107,73097.76703,-2.230702236,65292.31329,9.457254458
14-03-2024,71467.1735,73097.76703,71467.1735,73097.76703,73097.76703,-227,0,66145.91928,-227,10.5098664,73097.76703,0,65292.31329,11.95462887
15-03-2024,73097.76703,73097.76703,71420.0318,71420.0318,73097.76703,-226,-2.295193538,66944.87639,-226,6.684836319,71420.0318,0,62132.51738,14.94791265
16-03-2024,71420.0318,71420.0318,69497.76319,69497.76319,73097.76703,-225,-4.924916287,68315.25192,-225,1.730962324,69497.76319,0,62132.51738,11.85409207
17-03-2024,69497.76319,69497.76319,65292.31329,65292.31329,73097.76703,-224,-10.67810147,65292.31329,-224,0,68425.41566,-4.578857626,62132.51738,5.085575232
18-03-2024,65292.31329,68425.41566,65292.31329,68425.41566,73097.76703,-223,-6.391920794,65292.31329,-223,4.798577666,68425.41566,0,62132.51738,10.12818817
19-03-2024,68425.41566,68425.41566,67708.94361,67708.94361,73097.76703,-222,-7.372076654,65292.31329,-222,3.70124781,67819.05571,-0.162361591,62132.51738,8.975052784
20-03-2024,67708.94361,67708.94361,62132.51738,62132.51738,73097.76703,-221,-15.00079974,62132.51738,-221,0,67819.05571,-8.384868042,62132.51738,0
21-03-2024,62132.51738,67819.05571,62132.51738,67819.05571,73097.76703,-220,-7.221439908,62132.51738,-220,9.152274152,69938.9453,-3.031057426,63509.04497,6.786451826
22-03-2024,67819.05571,67819.05571,65535.97845,65535.97845,71420.0318,-219,-8.238659665,62132.51738,-219,5.477745331,70082.05122,-6.486786127,63509.04497,3.191566625
23-03-2024,65535.97845,65535.97845,63509.04497,63509.04497,69497.76319,-218,-8.617138096,62132.51738,-218,2.215470489,70082.05122,-9.379015232,63509.04497,0
24-03-2024,63509.04497,64285.80279,63509.04497,64285.80279,68425.41566,-217,-6.049817638,62132.51738,-217,3.465633622,70710.19535,-9.085525115,64285.80279,0
25-03-2024,64285.80279,67310.98327,64285.80279,67310.98327,68425.41566,-216,-1.628681942,62132.51738,-216,8.334550261,70710.19535,-4.807244647,67310.98327,0
26-03-2024,67310.98327,69938.9453,67310.98327,69938.9453,69938.9453,-215,0,62132.51738,-215,12.56415844,70710.19535,-1.090719723,69435.7504,0.724691382
27-03-2024,69938.9453,70082.05122,69938.9453,70082.05122,70082.05122,-214,0,62132.51738,-214,12.79448215,71246.95144,-1.635017629,69435.7504,0.930789713
28-03-2024,70082.05122,70082.05122,69435.7504,69435.7504,70082.05122,-213,-0.922205915,63509.04497,-213,9.332065127,71246.95144,-2.542145314,69435.7504,0
29-03-2024,69435.7504,70710.19535,69435.7504,70710.19535,70710.19535,-212,0,63509.04497,-212,11.3387792,71246.95144,-0.753374118,65440.41923,8.052784785
30-03-2024,70710.19535,70710.19535,69919.05546,69919.05546,70710.19535,-211,-1.118848397,63509.04497,-211,10.09306706,71246.95144,-1.863793401,65440.41923,6.843837935
31-03-2024,69919.05546,69919.05546,69702.30875,69702.30875,70710.19535,-210,-1.425376632,64285.80279,-210,8.425664332,71246.95144,-2.168012332,65440.41923,6.51262564
01-04-2024,69702.30875,71246.95144,69702.30875,71246.95144,71246.95144,-209,0,67310.98327,-209,5.847438236,71246.95144,0,65440.41923,8.873005833
02-04-2024,71246.95144,71246.95144,69785.92504,69785.92504,71246.95144,-208,-2.050651113,69435.7504,-208,0.504314612,69785.92504,0,65440.41923,6.640400327
03-04-2024,69785.92504,69785.92504,65440.41923,65440.41923,71246.95144,-207,-8.149867605,65440.41923,-207,0,69401.97361,-5.70812929,65440.41923,0
04-04-2024,65440.41923,66123.93854,65440.41923,66123.93854,71246.95144,-206,-7.190501205,65440.41923,-206,1.044491037,71624.18486,-7.679314374,66123.93854,0
05-04-2024,66123.93854,68542.17715,66123.93854,68542.17715,71246.95144,-205,-3.796336872,65440.41923,-205,4.739819768,71624.18486,-4.303026576,67978.61023,0.829035658
06-04-2024,68542.17715,68542.17715,67978.61023,67978.61023,71246.95144,-204,-4.587341831,65440.41923,-204,3.878628894,71624.18486,-5.089865435,67978.61023,0
07-04-2024,67978.61023,69000.64992,67978.61023,69000.64992,71246.95144,-203,-3.152838793,65440.41923,-203,5.440415469,71624.18486,-3.662917702,69000.64992,0
08-04-2024,69000.64992,69401.97361,69000.64992,69401.97361,71246.95144,-202,-2.589553369,65440.41923,-202,6.053681242,71624.18486,-3.102599014,67252.10504,3.196730519
09-04-2024,69401.97361,71624.18486,69401.97361,71624.18486,71624.18486,-201,0,65440.41923,-201,9.44945908,71624.18486,0,64404.82549,11.20934545
10-04-2024,71624.18486,71624.18486,69158.64381,69158.64381,71624.18486,-200,-3.442330346,65440.41923,-200,5.681847137,70527.88998,-1.941425107,64404.82549,7.381152401
11-04-2024,69158.64381,70527.88998,69158.64381,70527.88998,71624.18486,-199,-1.530621101,66123.93854,-199,6.660146891,70527.88998,0,63430.57146,11.18911332
12-04-2024,70527.88998,70527.88998,70106.66413,70106.66413,71624.18486,-198,-2.118726705,67978.61023,-198,3.130475732,70106.66413,0,63430.57146,10.52503946
13-04-2024,70106.66413,70106.66413,67252.10504,67252.10504,71624.18486,-197,-6.104194873,67252.10504,-197,0,67252.10504,0,61328.89799,9.658101234
14-04-2024,67252.10504,67252.10504,64404.82549,64404.82549,71624.18486,-196,-10.07949953,64404.82549,-196,0,65752.66005,-2.049855561,61328.89799,5.015461881
15-04-2024,64404.82549,65752.66005,64404.82549,65752.66005,71624.18486,-195,-8.19768466,64404.82549,-195,2.092753995,65752.66005,0,61328.89799,7.213177154
16-04-2024,65752.66005,65752.66005,63430.57146,63430.57146,71624.18486,-194,-11.43973006,63430.57146,-194,0,64894.41869,-2.255736723,61328.89799,3.426889342
17-04-2024,63430.57146,63720.50159,63430.57146,63720.50159,70527.88998,-193,-9.652051679,63430.57146,-193,0.457082639,64936.42076,-1.872476424,61328.89799,3.899635698
18-04-2024,63720.50159,63720.50159,61328.89799,61328.89799,70527.88998,-192,-13.04305572,61328.89799,-192,0,66841.66685,-8.247503575,61328.89799,0
19-04-2024,61328.89799,63461.5927,61328.89799,63461.5927,70106.66413,-191,-9.478516084,61328.89799,-191,3.477471105,66841.66685,-5.056837024,63461.5927,0
20-04-2024,63461.5927,63988.81847,63461.5927,63988.81847,67252.10504,-190,-4.852318851,61328.89799,-190,4.337140517,66841.66685,-4.268068878,63988.81847,0
21-04-2024,63988.81847,64894.41869,63988.81847,64894.41869,65752.66005,-189,-1.305257241,61328.89799,-189,5.813769397,66841.66685,-2.913225018,64279.51813,0.956604188
22-04-2024,64894.41869,64936.42076,64894.41869,64936.42076,65752.66005,-188,-1.241378356,61328.89799,-188,5.882255978,66841.66685,-2.850386869,63802.33005,1.777506725
23-04-2024,64936.42076,66841.66685,64936.42076,66841.66685,66841.66685,-187,0,61328.89799,-187,8.988860137,66841.66685,0,63517.24874,5.233882409
24-04-2024,66841.66685,66841.66685,66406.95244,66406.95244,66841.66685,-186,-0.650364404,61328.89799,-186,8.280035386,66406.95244,0,63030.43362,5.356965887
25-04-2024,66406.95244,66406.95244,64279.51813,64279.51813,66841.66685,-185,-3.833161027,61328.89799,-185,4.811141626,64486.18336,-0.320479861,63030.43362,1.981716514
26-04-2024,64279.51813,64486.18336,64279.51813,64486.18336,66841.66685,-184,-3.523974796,63461.5927,-184,1.614505121,64486.18336,0,60749.47209,6.1510185
27-04-2024,64486.18336,64486.18336,63802.33005,63802.33005,66841.66685,-183,-4.547069135,63802.33005,-183,0,63802.33005,0,58297.57408,9.442512937
28-04-2024,63802.33005,63802.33005,63517.24874,63517.24874,66841.66685,-182,-4.973571524,63517.24874,-182,0,63797.67964,-0.43956284,58297.57408,8.953502356
29-04-2024,63517.24874,63517.24874,63030.43362,63030.43362,66841.66685,-181,-5.701882396,63030.43362,-181,0,63797.67964,-1.202623706,58297.57408,8.118450238
30-04-2024,63030.43362,63797.67964,63030.43362,63797.67964,66841.66685,-180,-4.554026492,63030.43362,-180,1.217262797,63820.4519,-0.03568177,58297.57408,9.43453591
01-05-2024,63797.67964,63797.67964,60749.47209,60749.47209,66406.95244,-179,-8.519409706,60749.47209,-179,0,64010.00865,-5.093791781,58297.57408,4.205831985
02-05-2024,60749.47209,60749.47209,58297.57408,58297.57408,64486.18336,-178,-9.59679882,58297.57408,-178,0,64010.00865,-8.9242834,58297.57408,0
03-05-2024,58297.57408,59135.17336,58297.57408,59135.17336,64486.18336,-177,-8.297917042,58297.57408,-177,1.436765249,64010.00865,-7.615739154,59135.17336,0
04-05-2024,59135.17336,62839.34074,59135.17336,62839.34074,63802.33005,-176,-1.509332516,58297.57408,-176,7.790661502,64010.00865,-1.828882609,61215.50401,2.652655979
05-05-2024,62839.34074,63820.4519,62839.34074,63820.4519,63820.4519,-175,0,58297.57408,-175,9.473598027,64010.00865,-0.296136109,61215.50401,4.255372779
06-05-2024,63820.4519,64010.00865,63820.4519,64010.00865,64010.00865,-174,0,58297.57408,-174,9.798751779,64010.00865,0,60888.21675,5.127087094
07-05-2024,64010.00865,64010.00865,63172.4813,63172.4813,64010.00865,-173,-1.308431875,58297.57408,-173,8.362109912,63172.4813,0,60776.97208,3.941475092
08-05-2024,63172.4813,63172.4813,62363.05719,62363.05719,64010.00865,-172,-2.572959284,58297.57408,-172,6.973674601,63148.59994,-1.243959093,60776.97208,2.609681033
09-05-2024,62363.05719,62363.05719,61215.50401,61215.50401,64010.00865,-171,-4.36573077,58297.57408,-171,5.005233888,63148.59994,-3.061185737,60776.97208,0.721542905
10-05-2024,61215.50401,63148.59994,61215.50401,63148.59994,64010.00865,-170,-1.345740654,59135.17336,-170,6.786868718,63148.59994,0,60776.97208,3.90218167
11-05-2024,63148.59994,63148.59994,60888.21675,60888.21675,64010.00865,-169,-4.877037151,60888.21675,-169,0,66220.51831,-8.052340423,60776.97208,0.183037533
12-05-2024,60888.21675,60888.21675,60776.97208,60776.97208,64010.00865,-168,-5.05082977,60776.97208,-168,0,66220.51831,-8.220331664,60776.97208,0
13-05-2024,60776.97208,61507.054,60776.97208,61507.054,64010.00865,-167,-3.910255131,60776.97208,-167,1.201247611,67053.12327,-8.271157242,61507.054,0
14-05-2024,61507.054,62878.7833,61507.054,62878.7833,63172.4813,-166,-0.464914451,60776.97208,-166,3.458236154,67053.12327,-6.225422115,61569.11301,2.127154723
15-05-2024,62878.7833,62878.7833,61569.11301,61569.11301,63148.59994,-165,-2.501222416,60776.97208,-165,1.303357011,67053.12327,-8.17860525,61569.11301,0
16-05-2024,61569.11301,66220.51831,61569.11301,66220.51831,66220.51831,-164,0,60776.97208,-164,8.956593343,71430.297,-7.293513966,65260.8798,1.470465176
17-05-2024,66220.51831,66220.51831,65260.8798,65260.8798,66220.51831,-163,-1.449155844,60776.97208,-163,7.377642503,71430.297,-8.636975426,65260.8798,0
18-05-2024,65260.8798,67053.12327,65260.8798,67053.12327,67053.12327,-162,0,60776.97208,-162,10.32652824,71430.297,-6.127895194,66252.7126,1.208117582
19-05-2024,67053.12327,67053.12327,66912.61861,66912.61861,67053.12327,-161,-0.209542292,60776.97208,-161,10.09534751,71430.297,-6.324596954,66252.7126,0.996043773
20-05-2024,66912.61861,66912.61861,66252.7126,66252.7126,67053.12327,-160,-1.193696326,61507.054,-160,7.715633058,71430.297,-7.248443061,66252.7126,0
21-05-2024,66252.7126,71430.297,66252.7126,71430.297,71430.297,-159,0,61569.11301,-159,16.01644642,71430.297,0,67906.46534,5.189243236
22-05-2024,71430.297,71430.297,70189.83582,70189.83582,71430.297,-158,-1.736603705,61569.11301,-158,14.00170051,70189.83582,0,67906.46534,3.36252294
23-05-2024,70189.83582,70189.83582,69181.20086,69181.20086,71430.297,-157,-3.148658538,65260.8798,-157,6.007153237,69367.23872,-0.268192686,67906.46534,1.877193147
24-05-2024,69181.20086,69181.20086,67906.46534,67906.46534,71430.297,-156,-4.933245146,65260.8798,-156,4.053861283,69367.23872,-2.10585487,67906.46534,0
25-05-2024,67906.46534,68539.91647,67906.46534,68539.91647,71430.297,-155,-4.046434997,66252.7126,-155,3.452241848,69367.23872,-1.192670009,67577.26559,1.424518834
26-05-2024,68539.91647,69268.44559,68539.91647,69268.44559,71430.297,-154,-3.026518863,66252.7126,-154,4.551863427,69367.23872,-0.142420442,67577.26559,2.502587202
27-05-2024,69268.44559,69268.44559,68508.83111,68508.83111,71430.297,-153,-4.089953446,66252.7126,-153,3.405322476,69367.23872,-1.237482744,67474.95484,1.532237071
28-05-2024,68508.83111,69367.23872,68508.83111,69367.23872,71430.297,-152,-2.888211825,67906.46534,-152,2.151155074,69367.23872,0,67474.95484,2.804424079
29-05-2024,69367.23872,69367.23872,68316.63588,68316.63588,70189.83582,-151,-2.668762386,67906.46534,-151,0.604022806,68372.49288,-0.08169514,67474.95484,1.247397713
30-05-2024,68316.63588,68316.63588,67577.26559,67577.26559,69367.23872,-150,-2.580430129,67577.26559,-150,0,68808.29369,-1.789069355,67474.95484,0.151627746
31-05-2024,67577.26559,68372.49288,67577.26559,68372.49288,69367.23872,-149,-1.434028299,67577.26559,-149,1.176767493,70600.01117,-3.155124547,67474.95484,1.330179545
01-06-2024,68372.49288,68372.49288,67474.95484,67474.95484,69367.23872,-148,-2.727921589,67474.95484,-148,0,71184.59943,-5.211302196,67474.95484,0
02-06-2024,67474.95484,67704.32642,67474.95484,67704.32642,69367.23872,-147,-2.397258894,67474.95484,-147,0.339935879,71184.59943,-4.889081403,67704.32642,0
03-06-2024,67704.32642,67740.0169,67704.32642,67740.0169,69367.23872,-146,-2.345807395,67474.95484,-146,0.392830297,71184.59943,-4.838943474,67740.0169,0
04-06-2024,67740.0169,68808.29369,67740.0169,68808.29369,69367.23872,-145,-0.805776678,67474.95484,-145,1.976050006,71184.59943,-3.338230128,68808.29369,0
05-06-2024,68808.29369,70600.01117,68808.29369,70600.01117,70600.01117,-144,0,67474.95484,-144,4.631431525,71184.59943,-0.821228564,69315.10412,1.853718695
06-06-2024,70600.01117,71184.59943,70600.01117,71184.59943,71184.59943,-143,0,67474.95484,-143,5.497809673,71184.59943,0,69315.10412,2.697096586
07-06-2024,71184.59943,71184.59943,70759.58819,70759.58819,71184.59943,-142,-0.597055039,67474.95484,-142,4.867929684,70759.58819,0,67329.15233,5.095023102
08-06-2024,70759.58819,70759.58819,69325.36239,69325.36239,71184.59943,-141,-2.611852925,67474.95484,-141,2.742362045,69654.16074,-0.47204409,67329.15233,2.964852508
09-06-2024,69325.36239,69325.36239,69315.10412,69315.10412,71184.59943,-140,-2.626263717,67704.32642,-140,2.37913556,69654.16074,-0.486771516,66700.31697,3.920201997
10-06-2024,69315.10412,69654.16074,69315.10412,69654.16074,71184.59943,-139,-2.149957582,67740.0169,-139,2.82572093,69654.16074,0,66011.07874,5.518894813
11-06-2024,69654.16074,69654.16074,69493.17761,69493.17761,71184.59943,-138,-2.376106398,68808.29369,-138,0.995350831,69493.17761,0,66011.07874,5.275021918
12-06-2024,69493.17761,69493.17761,67329.15233,67329.15233,71184.59943,-137,-5.416125305,67329.15233,-137,0,68224.51968,-1.312383513,66011.07874,1.996746024
13-06-2024,67329.15233,68224.51968,67329.15233,68224.51968,71184.59943,-136,-4.158314831,67329.15233,-136,1.329836062,68224.51968,0,66011.07874,3.353135535
14-06-2024,68224.51968,68224.51968,66700.31697,66700.31697,70759.58819,-135,-5.736708383,66700.31697,-135,0,66700.31697,0,65109.31481,2.44358608
15-06-2024,66700.31697,66700.31697,66011.07874,66011.07874,69654.16074,-134,-5.230243193,66011.07874,-134,0,66615.53782,-0.907384529,64907.07461,1.700899534
16-06-2024,66011.07874,66190.48749,66011.07874,66190.48749,69654.16074,-133,-4.972672432,66011.07874,-133,0.271785821,66615.53782,-0.638064851,64844.67442,2.075441173
17-06-2024,66190.48749,66615.53782,66190.48749,66615.53782,69654.16074,-132,-4.362442795,66011.07874,-132,0.915693389,66615.53782,0,64071.62428,3.970421485
18-06-2024,66615.53782,66615.53782,66460.38898,66460.38898,69493.17761,-131,-4.36415305,66011.07874,-131,0.680658839,66460.38898,0,64071.62428,3.728272416
19-06-2024,66460.38898,66460.38898,65109.31481,65109.31481,68224.51968,-130,-4.566107431,65109.31481,-130,0,65109.31481,0,63221.35738,2.986265253
20-06-2024,65109.31481,65109.31481,64907.07461,64907.07461,68224.51968,-129,-4.862540745,64907.07461,-129,0,64907.07461,0,60363.23498,7.527495228
21-06-2024,64907.07461,64907.07461,64844.67442,64844.67442,66700.31697,-128,-2.782059564,64844.67442,-128,0,64844.67442,0,60363.23498,7.424120733
22-06-2024,64844.67442,64844.67442,64071.62428,64071.62428,66615.53782,-127,-3.818799067,64071.62428,-127,0,64239.90349,-0.261954322,60363.23498,6.143456876
23-06-2024,64071.62428,64239.90349,64071.62428,64239.90349,66615.53782,-126,-3.566186525,64071.62428,-126,0.262642325,64239.90349,0,60363.23498,6.422234518
24-06-2024,64239.90349,64239.90349,63221.35738,63221.35738,66615.53782,-125,-5.095178314,63221.35738,-125,0,63221.35738,0,60317.09698,4.814987044
25-06-2024,63221.35738,63221.35738,60363.23498,60363.23498,66460.38898,-124,-9.174117241,60363.23498,-124,0,61770.41387,-2.27807911,60317.09698,0.076492401
26-06-2024,60363.23498,61770.41387,60363.23498,61770.41387,65109.31481,-123,-5.128146336,60363.23498,-123,2.331185357,62734.39384,-1.536605218,60317.09698,2.409460938
27-06-2024,61770.41387,61770.41387,60749.89619,60749.89619,64907.07461,-122,-6.404815559,60363.23498,-122,0.640557483,62819.82227,-3.295020585,60317.09698,0.717539862
28-06-2024,60749.89619,61562.64533,60749.89619,61562.64533,64844.67442,-121,-5.061370301,60363.23498,-121,1.98698819,62819.82227,-2.00124244,60317.09698,2.065000486
29-06-2024,61562.64533,61562.64533,60317.09698,60317.09698,64239.90349,-120,-6.106495022,60317.09698,-120,0,62819.82227,-3.983973847,60244.68076,0.1202035
30-06-2024,60317.09698,60864.44316,60317.09698,60864.44316,64239.90349,-119,-5.254460457,60317.09698,-119,0.907447821,62819.82227,-3.112678509,57189.17412,6.426511825
01-07-2024,60864.44316,62734.39384,60864.44316,62734.39384,63221.35738,-118,-0.770251644,60317.09698,-118,4.007647883,62819.82227,-0.135989608,56739.86285,10.5649374
02-07-2024,62734.39384,62819.82227,62734.39384,62819.82227,62819.82227,-117,0,60317.09698,-117,4.14928008,62819.82227,0,56739.86285,10.71549897
03-07-2024,62819.82227,62819.82227,62042.56504,62042.56504,62819.82227,-116,-1.237280215,60317.09698,-116,2.860661643,62042.56504,0,55880.37538,11.02746647
04-07-2024,62042.56504,62042.56504,60244.68076,60244.68076,62819.82227,-115,-4.099249905,60244.68076,-115,0,60244.68076,0,55880.37538,7.810086022
05-07-2024,60244.68076,60244.68076,57189.17412,57189.17412,62819.82227,-114,-8.963171085,57189.17412,-114,0,58230.48415,-1.788255834,55880.37538,2.342143798
06-07-2024,57189.17412,57189.17412,56739.86285,56739.86285,62819.82227,-113,-9.678409137,56739.86285,-113,0,58230.48415,-2.559864176,55880.37538,1.538084645
07-07-2024,56739.86285,58230.48415,56739.86285,58230.48415,62819.82227,-112,-7.305557305,56739.86285,-112,2.627114745,58230.48415,0,55880.37538,4.205606639
08-07-2024,58230.48415,58230.48415,55880.37538,55880.37538,62819.82227,-111,-11.04658791,55880.37538,-111,0,57988.30351,-3.635091918,55880.37538,0
09-07-2024,55880.37538,56665.14073,55880.37538,56665.14073,62819.82227,-110,-9.797355856,55880.37538,-110,1.40436665,59152.71914,-4.205349207,56665.14073,0
10-07-2024,56665.14073,57988.30351,56665.14073,57988.30351,62042.56504,-109,-6.534645243,55880.37538,-109,3.772215416,60942.32774,-4.847245482,57388.19248,1.045704712
11-07-2024,57988.30351,57988.30351,57704.20228,57704.20228,60244.68076,-108,-4.216934089,55880.37538,-108,3.263805754,64835.48973,-10.99904925,57388.19248,0.550653003
12-07-2024,57704.20228,57704.20228,57388.19248,57388.19248,58230.48415,-107,-1.446478914,55880.37538,-107,2.698294511,65162.23625,-11.93029003,57388.19248,0
13-07-2024,57388.19248,57899.28896,57388.19248,57899.28896,58230.48415,-106,-0.568766002,55880.37538,-106,3.612920576,65162.23625,-11.14594543,57899.28896,0
14-07-2024,57899.28896,59152.71914,57899.28896,59152.71914,59152.71914,-105,0,55880.37538,-105,5.855980278,65162.23625,-9.222392384,59152.71914,0
15-07-2024,59152.71914,60942.32774,59152.71914,60942.32774,60942.32774,-104,0,55880.37538,-104,9.058551107,66689.54881,-8.61787367,60942.32774,0
16-07-2024,60942.32774,64835.48973,60942.32774,64835.48973,64835.48973,-103,0,56665.14073,-103,14.41865121,67206.06471,-3.527322993,63959.56901,1.369491288
17-07-2024,64835.48973,65162.23625,64835.48973,65162.23625,65162.23625,-102,0,57388.19248,-102,13.54641685,68088.13996,-4.297229609,63959.56901,1.880355454
18-07-2024,65162.23625,65162.23625,64136.31384,64136.31384,65162.23625,-101,-1.574412524,57388.19248,-101,11.75872784,68088.13996,-5.803986013,63959.56901,0.276338378
19-07-2024,64136.31384,64136.31384,63959.56901,63959.56901,65162.23625,-100,-1.845650661,57388.19248,-100,11.45074665,68088.13996,-6.063568424,63959.56901,0
20-07-2024,63959.56901,66689.54881,63959.56901,66689.54881,66689.54881,-99,0,57899.28896,-99,15.18198238,68088.13996,-2.054089239,65403.53513,1.966275484
21-07-2024,66689.54881,67206.06471,66689.54881,67206.06471,67206.06471,-98,0,59152.71914,-98,13.61449767,68088.13996,-1.295490312,65403.53513,2.756012458
22-07-2024,67206.06471,68088.13996,67206.06471,68088.13996,68088.13996,-97,0,60942.32774,-97,11.72553214,68088.13996,0,65403.53513,4.104678482
23-07-2024,68088.13996,68088.13996,67607.7134,67607.7134,68088.13996,-96,-0.705595078,63959.56901,-96,5.703828915,68055.40839,-0.65783896,65403.53513,3.370120995
24-07-2024,67607.7134,67607.7134,65942.41747,65942.41747,68088.13996,-95,-3.151389507,63959.56901,-95,3.100159191,68242.24744,-3.370097066,65403.53513,0.823934569
25-07-2024,65942.41747,65942.41747,65403.53513,65403.53513,68088.13996,-94,-3.942837673,63959.56901,-94,2.257623284,68242.24744,-4.159757951,65403.53513,0
26-07-2024,65403.53513,65749.96362,65403.53513,65749.96362,68088.13996,-93,-3.434043498,63959.56901,-93,2.799259969,68242.24744,-3.652112757,65749.96362,0
27-07-2024,65749.96362,67920.29649,65749.96362,67920.29649,68088.13996,-92,-0.246509124,65403.53513,-92,3.848050951,68242.24744,-0.471776605,64679.77865,5.0100942
28-07-2024,67920.29649,68055.40839,67920.29649,68055.40839,68088.13996,-91,-0.048072357,65403.53513,-91,4.05463291,68242.24744,-0.273787956,64679.77865,5.218987778
29-07-2024,68055.40839,68242.24744,68055.40839,68242.24744,68242.24744,-90,0,65403.53513,-90,4.340304095,68242.24744,0,61407.29547,11.13052108
30-07-2024,68242.24744,68242.24744,66770.32092,66770.32092,68242.24744,-89,-2.156913907,65403.53513,-89,2.089773566,66770.32092,0,60738.74493,9.930359939
31-07-2024,66770.32092,66770.32092,66219.05102,66219.05102,68242.24744,-88,-2.964727123,65403.53513,-88,1.2468988,66219.05102,0,58006.20659,14.15856151
01-08-2024,66219.05102,66219.05102,64679.77865,64679.77865,68242.24744,-87,-5.220327481,64679.77865,-87,0,65357.52961,-1.036989869,53956.26184,19.87446209
02-08-2024,64679.77865,65357.52961,64679.77865,65357.52961,68242.24744,-86,-4.227172968,64679.77865,-86,1.04785603,65357.52961,0,53956.26184,21.13057387
03-08-2024,65357.52961,65357.52961,61407.29547,61407.29547,68242.24744,-85,-10.01571933,61407.29547,-85,0,61407.29547,0,53956.26184,13.80939557
04-08-2024,61407.29547,61407.29547,60738.74493,60738.74493,68242.24744,-84,-10.99539186,60738.74493,-84,0,61859.0316,-1.811031704,53956.26184,12.5703354
05-08-2024,60738.74493,60738.74493,58006.20659,58006.20659,68242.24744,-83,-14.99956587,58006.20659,-83,0,61859.0316,-6.228395293,53956.26184,7.505977262
06-08-2024,58006.20659,58006.20659,53956.26184,53956.26184,66770.32092,-82,-19.1912498,53956.26184,-82,0,61859.0316,-12.77545017,53956.26184,0
07-08-2024,53956.26184,55959.84107,53956.26184,55959.84107,66219.05102,-81,-15.49283747,53956.26184,-81,3.71333959,61859.0316,-9.536506428,55099.95181,1.560598937
08-08-2024,55959.84107,55959.84107,55099.95181,55099.95181,65357.52961,-80,-15.69456168,53956.26184,-80,2.119661242,61859.0316,-10.92658519,55099.95181,0
09-08-2024,55099.95181,61859.0316,55099.95181,61859.0316,65357.52961,-79,-5.352861452,53956.26184,-79,14.64662207,61859.0316,0,58804.2345,5.194859052
10-08-2024,61859.0316,61859.0316,60912.58853,60912.58853,61859.0316,-78,-1.52999981,53956.26184,-78,12.89252897,60912.58853,0,58739.19382,3.700075826
11-08-2024,60912.58853,60912.58853,60887.70862,60887.70862,61859.0316,-77,-1.570220156,53956.26184,-77,12.84641771,60887.70862,0,57624.11693,5.663586467
12-08-2024,60887.70862,60887.70862,58804.2345,58804.2345,61859.0316,-76,-4.938320275,53956.26184,-76,8.985004692,60601.22318,-2.965267999,57624.11693,2.047957755
13-08-2024,58804.2345,59350.07433,58804.2345,59350.07433,61859.0316,-75,-4.055927165,53956.26184,-75,9.996638587,60601.22318,-2.064560383,57624.11693,2.995199747
14-08-2024,59350.07433,60601.22318,59350.07433,60601.22318,61859.0316,-74,-2.033346447,55099.95181,-74,9.984167292,60601.22318,0,57624.11693,5.166424074
15-08-2024,60601.22318,60601.22318,58739.19382,58739.19382,61859.0316,-73,-5.043463656,55099.95181,-73,6.604800714,59574.94581,-1.402858163,57624.11693,1.93508717
16-08-2024,58739.19382,58739.19382,57624.11693,57624.11693,61859.0316,-72,-6.84607334,57624.11693,-72,0,59574.94581,-3.274579369,57624.11693,0
17-08-2024,57624.11693,58881.92579,57624.11693,58881.92579,60912.58853,-71,-3.333732469,57624.11693,-71,2.182782019,61144.68763,-3.700667916,58438.29374,0.759146136
18-08-2024,58881.92579,59430.79163,58881.92579,59430.79163,60887.70862,-70,-2.39279325,57624.11693,-70,3.135275302,61144.68763,-2.803017009,58438.29374,1.698369046
19-08-2024,59430.79163,59430.79163,58438.29374,58438.29374,60601.22318,-69,-3.569118446,57624.11693,-69,1.412909833,64049.68562,-8.760998308,58438.29374,0
20-08-2024,58438.29374,59574.94581,58438.29374,59574.94581,60601.22318,-68,-1.693492823,57624.11693,-68,3.38543823,64157.16061,-7.142172061,59060.1261,0.871687459
21-08-2024,59574.94581,59574.94581,59060.1261,59060.1261,60601.22318,-67,-2.543013154,57624.11693,-67,2.492028076,64265.81631,-8.100247551,59060.1261,0
22-08-2024,59060.1261,61144.68763,59060.1261,61144.68763,61144.68763,-66,0,57624.11693,-66,6.109543864,64265.81631,-4.856592296,60387.54062,1.253813283
23-08-2024,61144.68763,61144.68763,60387.54062,60387.54062,61144.68763,-65,-1.23828747,57624.11693,-65,4.795602678,64265.81631,-6.034741192,59526.56088,1.446379114
24-08-2024,60387.54062,64049.68562,60387.54062,64049.68562,64049.68562,-64,0,58438.29374,-64,9.602251389,64265.81631,-0.336307402,59015.29634,8.530651524
25-08-2024,64049.68562,64157.16061,64049.68562,64157.16061,64157.16061,-63,0,58438.29374,-63,9.786163326,64265.81631,-0.169072309,59015.29634,8.712765323
26-08-2024,64157.16061,64265.81631,64157.16061,64265.81631,64265.81631,-62,0,58438.29374,-62,9.972095687,64265.81631,0,59015.29634,8.896879791
27-08-2024,64265.81631,64265.81631,62922.58635,62922.58635,64265.81631,-61,-2.090115777,59060.1261,-61,6.539878089,62922.58635,0,58960.23659,6.72037629
28-08-2024,62922.58635,62922.58635,59526.56088,59526.56088,64265.81631,-60,-7.37445769,59060.1261,-60,0.789762585,59526.56088,0,57357.71617,3.781260572
29-08-2024,59526.56088,59526.56088,59015.29634,59015.29634,64265.81631,-59,-8.170004327,59015.29634,-59,0,59351.57949,-0.566595118,57357.71617,2.889899174
30-08-2024,59015.29634,59351.57949,59015.29634,59351.57949,64265.81631,-58,-7.646735238,59015.29634,-58,0.569823712,59351.57949,0,57357.71617,3.476190217
31-08-2024,59351.57949,59351.57949,59156.24604,59156.24604,64265.81631,-57,-7.950681357,59015.29634,-57,0.238835872,59156.24604,0,57357.71617,3.135637162
01-09-2024,59156.24604,59156.24604,58960.23659,58960.23659,64265.81631,-56,-8.255679349,58960.23659,-56,0,59108.73236,-0.251224762,56132.40473,5.037788543
02-09-2024,58960.23659,58960.23659,57357.71617,57357.71617,64265.81631,-55,-10.74926071,57357.71617,-55,0,59108.73236,-2.962364639,53923.35611,6.368965713
03-09-2024,57357.71617,59108.73236,57357.71617,59108.73236,62922.58635,-54,-6.061184401,57357.71617,-54,3.052799697,59108.73236,0,53923.35611,9.616197177
04-09-2024,59108.73236,59108.73236,57504.53859,57504.53859,59526.56088,-53,-3.396840441,57357.71617,-53,0.255976742,57987.84601,-0.833463322,53923.35611,6.641245527
05-09-2024,57504.53859,57987.84601,57504.53859,57987.84601,59351.57949,-52,-2.297720614,57357.71617,-52,1.098596463,57987.84601,0,53923.35611,7.537531409
06-09-2024,57987.84601,57987.84601,56132.40473,56132.40473,59351.57949,-51,-5.423907479,56132.40473,-51,0,57624.16178,-2.588770066,53923.35611,4.096645277
07-09-2024,56132.40473,56132.40473,53923.35611,53923.35611,59156.24604,-50,-8.845878967,53923.35611,-50,0,57624.16178,-6.422315845,53923.35611,0
08-09-2024,53923.35611,54150.93836,53923.35611,54150.93836,59108.73236,-49,-8.387583022,53923.35611,-49,0.422047633,58106.95123,-6.808157694,54150.93836,0
09-09-2024,54150.93836,54792.40756,54150.93836,54792.40756,59108.73236,-48,-7.302347096,53923.35611,-48,1.611641985,60620.62747,-9.614252043,54792.40756,0
10-09-2024,54792.40756,57049.11875,54792.40756,57049.11875,59108.73236,-47,-3.484448956,53923.35611,-47,5.796676739,60620.62747,-5.891573332,57049.11875,0
11-09-2024,57049.11875,57624.16178,57049.11875,57624.16178,57987.84601,-46,-0.627173202,53923.35611,-46,6.863084829,60620.62747,-4.942980326,57381.76445,0.422429217
12-09-2024,57624.16178,57624.16178,57381.76445,57381.76445,57987.84601,-45,-1.045187243,53923.35611,-45,6.413562849,60620.62747,-5.342839827,57381.76445,0
13-09-2024,57381.76445,58106.95123,57381.76445,58106.95123,58106.95123,-44,0,53923.35611,-44,7.758410123,60620.62747,-4.14656916,58106.95123,0
14-09-2024,58106.95123,60620.62747,58106.95123,60620.62747,60620.62747,-43,0,53923.35611,-43,12.41998244,61440.41208,-1.334275901,58211.12323,4.139250555
15-09-2024,60620.62747,60620.62747,60003.2994,60003.2994,60620.62747,-42,-1.018346556,54150.93836,-42,10.80749701,62966.52932,-4.706039781,58211.12323,3.078752084
16-09-2024,60003.2994,60003.2994,59214.80227,59214.80227,60620.62747,-41,-2.319054196,54792.40756,-41,8.071181588,63128.22454,-6.199164163,58211.12323,1.724204896
17-09-2024,59214.80227,59214.80227,58211.12323,58211.12323,60620.62747,-40,-3.97472666,57049.11875,-40,2.036849132,63403.40235,-8.189275221,58211.12323,0
18-09-2024,58211.12323,60317.03198,58211.12323,60317.03198,60620.62747,-39,-0.500812192,57381.76445,-39,5.115331609,63582.59957,-5.135945387,60317.03198,0
19-09-2024,60317.03198,61440.41208,60317.03198,61440.41208,61440.41208,-38,0,57381.76445,-38,7.073061763,63582.59957,-3.369141084,61440.41208,0
20-09-2024,61440.41208,62966.52932,61440.41208,62966.52932,62966.52932,-37,0,58106.95123,-37,8.363161354,64334.14275,-2.125797238,62966.52932,0
21-09-2024,62966.52932,63128.22454,62966.52932,63128.22454,63128.22454,-36,0,58211.12323,-36,8.447013279,64334.14275,-1.874460677,63128.22454,0
22-09-2024,63128.22454,63403.40235,63128.22454,63403.40235,63403.40235,-35,0,58211.12323,-35,8.919737036,65130.76884,-2.652151236,63151.89959,0.398250499
23-09-2024,63403.40235,63582.59957,63403.40235,63582.59957,63582.59957,-34,0,58211.12323,-34,9.227577205,65791.00213,-3.356693902,63151.89959,0.682006366
24-09-2024,63582.59957,63582.59957,63327.02654,63327.02654,63582.59957,-33,-0.40195435,58211.12323,-33,8.788532207,65934.10709,-3.954069699,63151.89959,0.277310661
25-09-2024,63327.02654,64334.14275,63327.02654,64334.14275,64334.14275,-32,0,60317.03198,-32,6.659994097,65934.10709,-2.426611076,63151.89959,1.872062697
26-09-2024,64334.14275,64334.14275,63151.89959,63151.89959,64334.14275,-31,-1.83766054,61440.41208,-31,2.785605518,65934.10709,-4.219678741,63151.89959,0
27-09-2024,63151.89959,65130.76884,63151.89959,65130.76884,65130.76884,-30,0,62966.52932,-30,3.437126906,65934.10709,-1.218395592,60872.66854,6.995093855
28-09-2024,65130.76884,65791.00213,65130.76884,65791.00213,65791.00213,-29,0,63128.22454,-29,4.218046055,65934.10709,-0.217042401,60655.55979,8.466564897
29-09-2024,65791.00213,65934.10709,65791.00213,65934.10709,65934.10709,-28,0,63151.89959,-28,4.405580067,65934.10709,0,60655.55979,8.702495403
30-09-2024,65934.10709,65934.10709,65663.68987,65663.68987,65934.10709,-27,-0.410132539,63151.89959,-27,3.97737881,65663.68987,0,60655.55979,8.256671098
01-10-2024,65663.68987,65663.68987,63243.27532,63243.27532,65934.10709,-26,-4.081092303,63151.89959,-26,0.144691975,63243.27532,0,60655.55979,4.26624623
02-10-2024,63243.27532,63243.27532,60872.66854,60872.66854,65934.10709,-25,-7.676510343,60872.66854,-25,0,62811.79973,-3.087208443,60655.55979,0.3579371
03-10-2024,60872.66854,60872.66854,60655.55979,60655.55979,65934.10709,-24,-8.005791744,60655.55979,-24,0,62811.79973,-3.43285807,60655.55979,0
04-10-2024,60655.55979,60727.86395,60655.55979,60727.86395,65934.10709,-23,-7.896130504,60655.55979,-23,0.119204505,62811.79973,-3.317745687,60727.86395,0
05-10-2024,60727.86395,62103.01047,60727.86395,62103.01047,65934.10709,-22,-5.810492915,60655.55979,-22,2.386344609,62811.79973,-1.128433285,60597.15046,2.485034371
06-10-2024,62103.01047,62103.01047,62091.93259,62091.93259,65934.10709,-21,-5.827294368,60655.55979,-21,2.36808101,62811.79973,-1.14606992,60195.18074,3.151002828
07-10-2024,62091.93259,62811.79973,62091.93259,62811.79973,65663.68987,-20,-4.343176791,60655.55979,-20,3.554892484,62811.79973,0,60195.18074,4.34689116
08-10-2024,62811.79973,62811.79973,62287.39011,62287.39011,63243.27532,-19,-1.511441674,60655.55979,-19,2.690322732,63207.77062,-1.456119251,60195.18074,3.475709088
09-10-2024,62287.39011,62287.39011,62185.23042,62185.23042,62811.79973,-18,-0.997534392,60655.55979,-18,2.521896817,63207.77062,-1.617744444,60195.18074,3.305995034
10-10-2024,62185.23042,62185.23042,60597.15046,60597.15046,62811.79973,-17,-3.525849094,60597.15046,-17,0,66049.99493,-8.25563193,60195.18074,0.667777243
11-10-2024,60597.15046,60597.15046,60195.18074,60195.18074,62811.79973,-16,-4.16580802,60195.18074,-16,0,66962.21994,-10.10575697,60195.18074,0
12-10-2024,60195.18074,62392.34048,60195.18074,62392.34048,62811.79973,-15,-0.667803258,60195.18074,-15,3.650059221,67647.54415,-7.768506205,62392.34048,0
13-10-2024,62392.34048,63207.77062,62392.34048,63207.77062,63207.77062,-14,0,60195.18074,-14,5.00470278,67647.54415,-6.563096388,62829.53369,0.602005001
14-10-2024,63207.77062,63207.77062,62829.53369,62829.53369,63207.77062,-13,-0.598402588,60195.18074,-13,4.376351921,68465.61921,-8.231993789,62829.53369,0
15-10-2024,62829.53369,66049.99493,62829.53369,66049.99493,66049.99493,-12,0,60195.18074,-12,9.726383603,68465.61921,-3.528229654,66049.99493,0
16-10-2024,66049.99493,66962.21994,66049.99493,66962.21994,66962.21994,-11,0,60195.18074,-11,11.24182887,68962.82918,-2.900996463,66962.21994,0
17-10-2024,66962.21994,67647.54415,66962.21994,67647.54415,67647.54415,-10,0,60195.18074,-10,12.38033231,68962.82918,-1.907237636,67328.10527,0.474451013
18-10-2024,67647.54415,67647.54415,67328.10527,67328.10527,67647.54415,-9,-0.472210605,60195.18074,-9,11.84966046,68962.82918,-2.370442063,67328.10527,0
19-10-2024,67328.10527,68465.61921,67328.10527,68465.61921,68465.61921,-8,0,62392.34048,-8,9.734013305,68962.82918,-0.720982564,66683.96807,2.671783328
20-10-2024,68465.61921,68465.61921,68388.87129,68388.87129,68465.61921,-7,-0.112097017,62829.53369,-7,8.848287226,68962.82918,-0.832271381,66683.96807,2.556691321
21-10-2024,68388.87129,68962.82918,68388.87129,68962.82918,68962.82918,-6,0,62829.53369,-6,9.761803303,68962.82918,0,66585.66536,3.57008346
22-10-2024,68962.82918,68962.82918,67394.85776,67394.85776,68962.82918,-5,-2.273647183,66049.99493,-5,2.03612859,68214.05205,-1.200917215,66585.66536,1.215265175
23-10-2024,67394.85776,67394.85776,67351.04794,67351.04794,68962.82918,-4,-2.337173901,66962.21994,-4,0.580667712,,,,
24-10-2024,67351.04794,67351.04794,66683.96807,66683.96807,68962.82918,-3,-3.304477415,66683.96807,-3,0,,,,
25-10-2024,66683.96807,68214.05205,66683.96807,68214.05205,68962.82918,-2,-1.085769157,66683.96807,-2,2.2945305,,,,
26-10-2024,68214.05205,68214.05205,66585.66536,66585.66536,68962.82918,-1,-3.447021901,66585.66536,-1,0,,,,
27-10-2024,66585.66536,67018.16502,66585.66536,67018.16502,68962.82918,0,-2.819872947,66585.66536,0,0.649538695,,,,
